-- phpMyAdmin SQL Dump
-- version 5.2.1
-- https://www.phpmyadmin.net/
--
-- Host: 127.0.0.1
-- Generation Time: Mar 12, 2026 at 06:37 PM
-- Server version: 10.4.32-MariaDB
-- PHP Version: 8.2.12

SET SQL_MODE = "NO_AUTO_VALUE_ON_ZERO";
START TRANSACTION;
SET time_zone = "+00:00";


/*!40101 SET @OLD_CHARACTER_SET_CLIENT=@@CHARACTER_SET_CLIENT */;
/*!40101 SET @OLD_CHARACTER_SET_RESULTS=@@CHARACTER_SET_RESULTS */;
/*!40101 SET @OLD_COLLATION_CONNECTION=@@COLLATION_CONNECTION */;
/*!40101 SET NAMES utf8mb4 */;

--
-- Database: `news_software`
--

-- --------------------------------------------------------

--
-- Table structure for table `basic_info`
--

CREATE TABLE `basic_info` (
  `id` int(11) NOT NULL,
  `news_portal_name` varchar(255) NOT NULL,
  `image` varchar(100) NOT NULL,
  `description` varchar(500) NOT NULL,
  `editor_in_chief` varchar(50) NOT NULL,
  `media_info` varchar(100) NOT NULL,
  `privacy_policy` varchar(255) DEFAULT NULL,
  `about_us` varchar(255) DEFAULT NULL,
  `comment_policy` varchar(255) DEFAULT NULL,
  `advertisement_policy` varchar(255) DEFAULT NULL,
  `terms` varchar(255) DEFAULT NULL,
  `advertisement_list` varchar(255) DEFAULT NULL,
  `facebook` varchar(255) DEFAULT NULL,
  `youtube` varchar(255) DEFAULT NULL,
  `whatsapp` varchar(255) DEFAULT NULL,
  `twitter` varchar(255) DEFAULT NULL,
  `tiktok` varchar(255) DEFAULT NULL,
  `instagram` varchar(255) DEFAULT NULL,
  `mobile_number` varchar(20) DEFAULT NULL,
  `email` varchar(100) DEFAULT NULL
) ENGINE=InnoDB DEFAULT CHARSET=utf8mb4 COLLATE=utf8mb4_unicode_ci;

--
-- Dumping data for table `basic_info`
--

INSERT INTO `basic_info` (`id`, `news_portal_name`, `image`, `description`, `editor_in_chief`, `media_info`, `privacy_policy`, `about_us`, `comment_policy`, `advertisement_policy`, `terms`, `advertisement_list`, `facebook`, `youtube`, `whatsapp`, `twitter`, `tiktok`, `instagram`, `mobile_number`, `email`) VALUES
(1, 'আলোক পত্রিকা', 'https://alokpatrika.com/logo.jpg', 'আলোক পত্রিকা একটি জাতীয় পর্যায়ের নিরপেক্ষ ও দায়িত্বশীল সংবাদমাধ্যম, যা দেশ ও জাতির সার্বিক উন্নয়ন, গণতন্ত্র, মানবাধিকার এবং সামাজিক ন্যায়ের পক্ষে বস্তুনিষ্ঠ ও অনুসন্ধানমূলক সংবাদ পরিবেশন করে।\r\n\r\nআমাদের লক্ষ্য সত্যনিষ্ঠ ও প্রমাণভিত্তিক তথ্যের মাধ্যমে জনগণকে সচেতন করা এবং সমাজের প্রতিটি স্তরের কণ্ঠস্বর তুলে ধরা। রাজনীতি, অর্থনীতি, শিক্ষা, সংস্কৃতি, প্রযুক্তি, আন্তর্জাতিক বিষয়াবলি ও জনজীবনের গুরুত্বপূর্ণ ঘটনাবলি আমরা নিরপেক্ষভাবে উপস্থাপন করি।\r\n', 'মোঃ মিজানুর রহমান', 'আলোক পত্রিকা লিমিটেডের পক্ষে প্রকাশক কর্তৃক ঢাকা থেকে প্রকাশিত', '', '', '', '', '', '', 'https://facebook.com', 'https://youtube.com', 'https://facebook.com', 'https://facebook.com', 'https://facebook.com', 'https://facebook.com', '01842494422', 'alokpatrika@gmail.com');

-- --------------------------------------------------------

--
-- Table structure for table `category`
--

CREATE TABLE `category` (
  `id` int(11) NOT NULL,
  `name` varchar(255) NOT NULL,
  `slug` varchar(100) NOT NULL,
  `is_active` tinyint(1) NOT NULL DEFAULT 1
) ENGINE=InnoDB DEFAULT CHARSET=utf8mb4 COLLATE=utf8mb4_unicode_ci;

--
-- Dumping data for table `category`
--

INSERT INTO `category` (`id`, `name`, `slug`, `is_active`) VALUES
(5, 'বাংলাদেশ', 'বাংলাদেশ', 1),
(6, 'আন্তর্জাতিক', 'আন্তর্জাতিক', 1),
(7, 'খেলা', 'খেলা', 1),
(8, 'বিনোদন', 'বিনোদন', 1),
(9, 'প্রযুক্তি ও চিকিৎসা', 'প্রযুক্তি-ও-চিকিৎসা', 1),
(10, 'মতামত', 'মতামত', 1),
(12, 'শিক্ষা', 'শিক্ষা', 1),
(15, 'জাতীয়', 'জাতীয়', 1),
(17, 'ইতিহাস & ঐতিহ্য', 'ইতিহাস-ঐতিহ্য', 1),
(19, 'সম্পাদকীয়', 'সম্পাদকীয়', 1),
(21, 'লাইফস্টাইল', 'লাইফস্টাইল', 1);

-- --------------------------------------------------------

--
-- Table structure for table `menus`
--

CREATE TABLE `menus` (
  `id` int(11) NOT NULL,
  `menu_name` varchar(100) NOT NULL,
  `page_link` varchar(255) NOT NULL,
  `icon` varchar(100) DEFAULT 'fas fa-circle',
  `sort_order` int(11) DEFAULT 0,
  `is_active` tinyint(1) DEFAULT 1,
  `created_at` timestamp NULL DEFAULT current_timestamp()
) ENGINE=InnoDB DEFAULT CHARSET=utf8mb4 COLLATE=utf8mb4_general_ci;

--
-- Dumping data for table `menus`
--

INSERT INTO `menus` (`id`, `menu_name`, `page_link`, `icon`, `sort_order`, `is_active`, `created_at`) VALUES
(1, 'Dashboard', 'dashboard.php', 'fas fa-chart-line', 1, 1, '2026-02-05 19:49:16'),
(2, 'News', 'index.php', 'fas fa-newspaper', 2, 1, '2026-02-05 19:49:16'),
(3, 'Videos', 'manage_videos.php', 'fas fa-video', 5, 1, '2026-02-05 19:49:16'),
(4, 'Podcasts', 'manage_podcasts.php', 'fas fa-podcast', 6, 1, '2026-02-05 19:49:16'),
(5, 'Opinions', 'manage_opinions.php', 'fas fa-comment-dots', 7, 1, '2026-02-05 19:49:16'),
(6, 'Quizzes', 'manage_quizzes.php', 'fas fa-question-circle', 8, 1, '2026-02-05 19:49:16'),
(7, 'Category', 'category.php', 'fas fa-folder', 9, 1, '2026-02-05 19:49:16'),
(8, 'Reporter', 'reporter.php', 'fas fa-users', 10, 1, '2026-02-05 19:49:16'),
(9, 'News Links', 'news_links.php', 'fas fa-link', 11, 1, '2026-02-05 19:49:16'),
(10, 'Reporter Earning', 'reporter_earning.php', 'fas fa-dollar-sign', 12, 1, '2026-02-05 19:49:16'),
(11, 'Video Earning', 'video_earning.php', 'fas fa-video', 13, 1, '2026-02-05 19:49:16'),
(12, 'Total Earning', 'total_earning.php', 'fas fa-money-bill-wave', 14, 1, '2026-02-05 19:49:16'),
(13, 'Earning Report', 'earning_report.php', 'fas fa-chart-bar', 15, 1, '2026-02-05 19:49:16'),
(14, 'Payment', 'payment.php', 'fas fa-credit-card', 16, 1, '2026-02-05 19:49:16'),
(15, 'Settings', 'settings.php', 'fas fa-cog', 17, 1, '2026-02-05 19:49:16'),
(16, 'Roles', 'role.php', 'fas fa-user-shield', 18, 1, '2026-02-05 19:49:16'),
(17, 'Permissions', 'permission.php', 'fas fa-key', 19, 1, '2026-02-05 19:49:16'),
(18, 'News Portal Info', 'news_portal_info.php', 'fa-solid fa-circle-info', 4, 1, '2026-02-26 17:53:54'),
(19, 'Photo Card', 'photocard.php', 'fa-regular fa-id-badge', 3, 1, '2026-02-26 18:34:13');

-- --------------------------------------------------------

--
-- Table structure for table `news`
--

CREATE TABLE `news` (
  `id` int(11) NOT NULL,
  `category_id` int(11) NOT NULL,
  `reporter_id` int(11) NOT NULL,
  `headline` text NOT NULL,
  `short_description` text DEFAULT NULL,
  `slug` varchar(255) DEFAULT NULL,
  `news_1` text NOT NULL,
  `image_url` varchar(255) DEFAULT NULL,
  `image_url_title` varchar(255) DEFAULT NULL,
  `quote_1` text DEFAULT NULL,
  `auture_1` varchar(255) DEFAULT NULL,
  `news_2` text DEFAULT NULL,
  `image_2` varchar(255) DEFAULT NULL,
  `image_2_title` varchar(255) DEFAULT NULL,
  `image_3` varchar(255) DEFAULT NULL,
  `image_3_title` varchar(255) DEFAULT NULL,
  `news_3` text DEFAULT NULL,
  `quote_2` text DEFAULT NULL,
  `auture_2` varchar(255) DEFAULT NULL,
  `image_4` varchar(255) DEFAULT NULL,
  `image_4_title` varchar(255) DEFAULT NULL,
  `image_5` varchar(255) DEFAULT NULL,
  `image_5_title` varchar(255) DEFAULT NULL,
  `news_4` text DEFAULT NULL,
  `is_active` tinyint(1) DEFAULT 1,
  `earning` varchar(50) NOT NULL,
  `created_at` datetime DEFAULT current_timestamp(),
  `views` int(50) NOT NULL DEFAULT 0,
  `web_earning` decimal(10,2) DEFAULT 0.00 COMMENT 'Web platform earning in USD',
  `is_paid` tinyint(1) DEFAULT 0,
  `paid_at` datetime DEFAULT NULL
) ENGINE=InnoDB DEFAULT CHARSET=utf8mb4 COLLATE=utf8mb4_unicode_ci;

--
-- Dumping data for table `news`
--

INSERT INTO `news` (`id`, `category_id`, `reporter_id`, `headline`, `short_description`, `slug`, `news_1`, `image_url`, `image_url_title`, `quote_1`, `auture_1`, `news_2`, `image_2`, `image_2_title`, `image_3`, `image_3_title`, `news_3`, `quote_2`, `auture_2`, `image_4`, `image_4_title`, `image_5`, `image_5_title`, `news_4`, `is_active`, `earning`, `created_at`, `views`, `web_earning`, `is_paid`, `paid_at`) VALUES
(1, 15, 0, '১০ মার্চ পরীক্ষামূলকভাবে ফ্যামিলি কার্ড উদ্বোধন করবেন প্রধানমন্ত্রী', '', '১০_মার্চ_পরীক্ষামূলকভাবে_ফ্যামিলি_কার্ড_উদ্বোধন_করবেন_প্রধানমন্ত্রী', 'আগামী ১০ মার্চ পরীক্ষামূলকভাবে বগুড়ায় ফ্যামিলি কার্ডের উদ্বোধন করবেন প্রধানমন্ত্রী তারেক রহমান। এ উপলক্ষে ১০ মার্চ বগুড়ায় যাবেন প্রধানমন্ত্রী। প্রধানমন্ত্রী হিসেবে তারেক রহমানের এটি হবে বগুড়ায় প্রথম সরকারি সফর হবে।\r\n<div>\r\n</div><div>আজ শুক্রবার এসব তথ্য জানান স্থানীয় সরকার প্রতিমন্ত্রী মীর শাহে আলম।</div><div>শিবগঞ্জ উপজেলার ঐতিহাসিক মহাস্থানগড় এলাকায় অবস্থিত শাহ সুলতান বলখী (রহ.)-এর মাজার প্রাঙ্গণে নামাজের আগে সাংবাদিকদের এসব তথ্য জানান তিনি।\r\n</div><div>প্রতিমন্ত্রী বলেন, ‘সরকারের ঘোষিত সামাজিক সুরক্ষা কর্মসূচির অংশ হিসেবে ‘ফ্যামিলি কার্ড’ বিতরণ কার্যক্রমের সূচনা হবে বগুড়া থেকেই। প্রধানমন্ত্রী হিসেবে তারেক রহমানের এটি হবে বগুড়ায় প্রথম সরকারি সফর।’\r\n</div><div>প্রধানমন্ত্রীর সফর ঘিরে ইতোমধ্যে জেলা প্রশাসন ও স্থানীয় নেতাকর্মীদের মধ্যে প্রস্তুতি শুরু হয়েছে বলে জানিয়েছেন প্রতিমন্ত্রী মীর শাহে আলম।</div><div>\r\n</div>', 'image_url_69a169c7a1a94.jpg', 'প্রধানমন্ত্রী তারেক রহমান।', '', '', NULL, NULL, '', NULL, '', '', '', '', NULL, '', NULL, '', '', 1, '', '2026-02-27 15:54:15', 2, 0.00, 0, NULL),
(2, 5, 66, 'ক্লাবের মালিকানা কিনে কী বার্তা দিলেন রোনালদো', '', 'ক্লাবের_মালিকানা_কিনে_কী_বার্তা_দিলেন_রোনালদো', 'পর্তুগিজ মহাতারকা ক্রিস্তিয়ানো রোনালদো স্প্যানিশ দ্বিতীয় বিভাগের ক্লাব ইউডি আলমেরিয়ার ২৫ শতাংশ শেয়ার কিনে নতুন এক অধ্যায়ের সূচনা করেছেন। বৃহস্পতিবার তার প্রতিষ্ঠান ‘সিআর স্পোর্টস ইনভেস্টমেন্ট’ এক বিবৃতিতে এ তথ্য নিশ্চিত করে।\r\n<div>\r\n</div><div>বিবৃতিতে জানানো হয়, এই কৌশলগত বিনিয়োগ রোনালদোর পেশাদার ফুটবল মালিকানায় দীর্ঘমেয়াদি পরিকল্পনার অংশ। যদিও চুক্তির আর্থিক অঙ্ক প্রকাশ করা হয়নি।</div>', 'image_url_69a16b4d53555.jpg', '', '', '', NULL, NULL, '', NULL, '', '', '', '', NULL, '', NULL, '', '', 1, '', '2026-02-27 16:00:45', 1, 0.00, 0, NULL),
(3, 6, 66, 'যুদ্ধবিরতির মধ্যেই গাজায় ইসরায়েলি হামলা, নিহত ৫', '', 'যুদ্ধবিরতির_মধ্যেই_গাজায়_ইসরায়েলি_হামলা_নিহত_৫', 'গাজায় বৃহস্পতিবার (২৬ ফেব্রুয়ারি) ইসরায়েলি বাহিনীর পৃথক হামলায় অন্তত পাঁচজন ফিলিস্তিনি নিহত হয়েছেন বলে নিশ্চিত করেছেন স্থানীয় স্বাস্থ্য কর্মকর্তারা। অন্যদিকে, ইসরায়েলি সামরিক বাহিনী জানিয়েছে, দক্ষিণ গাজায় তাদের বাহিনীর ওপর সম্ভাব্য হুমকি রুখতে তারা এক জঙ্গিকে হত্যা করেছে।\r\n<div>\r\n</div><div>চিকিৎসকদের দেওয়া তথ্য অনুযায়ী, বৃহস্পতিবার গাজার উত্তরাঞ্চলীয় তুফাহ এলাকায় একদল ফিলিস্তিনির ওপর ইসরায়েলি বিমান হামলায় দুইজন নিহত এবং বেশ কয়েকজন আহত হন।\r\n</div><div>পৃথক এক ঘটনায়, দক্ষিণ গাজার খান ইউনিস এবং বুরেইজ শরণার্থী শিবিরের নিকটবর্তী আবু হুজাইর এলাকায় দুইটি পুলিশ চেকপয়েন্টে ড্রোন হামলা চালায় ইসরায়েল।</div><div>\r\n</div>', 'image_url_69a16c56cf7c6.jpg', 'ফাইল ছবি।  ছবিসূত্র : রয়টার্স', '', '', NULL, NULL, '', NULL, '', '', '', '', NULL, '', NULL, '', '', 1, '', '2026-02-27 16:05:10', 0, 0.00, 0, NULL),
(4, 8, 66, '‘আমিও আইয়ুব বাচ্চুর ভক্ত, তার গান আমার পছন্দের’, বললেন প্রধানমন্ত্রী', '', 'আমিও_আইয়ুব_বাচ্চুর_ভক্ত_তার_গান_আমার_পছন্দের_বললেন_প্রধানমন্ত্রী', 'বাংলা ব্যান্ড সংগীতের ইতিহাসে অনন্য এক নাম আইয়ুব বাচ্চু। মৃত্যুর সাত বছর পর রাষ্ট্রীয় স্বীকৃতির অন্যতম মর্যাদাপূর্ণ সম্মান—একুশে পদকে ভূষিত হলেন এই গিটার কিংবদন্তি।\r\n<div>\r\n</div><div>বৃহস্পতিবার আনুষ্ঠানিকভাবে তার স্ত্রী ফেরদৌস আক্তার চন্দনা-র হাতে পদক তুলে দেন প্রধানমন্ত্রী তারেক রহমান।\r\n</div><div>পদক গ্রহণের পর আবেগাপ্লুত চন্দনা বলেন, ‘আইয়ুব বাচ্চু বেঁচে থাকলে এই সম্মান পেয়ে নিঃসন্দেহে আরো বেশি খুশি হতেন।</div><div>\r\n</div>', 'image_url_69a16ccf32c5c.jpg', '', '', '', NULL, NULL, '', NULL, '', '', '', '', NULL, '', NULL, '', '', 1, '', '2026-02-27 16:07:11', 1, 0.00, 0, NULL),
(5, 9, 0, '৪০ শতাংশ অ্যানড্রয়েড ফোন ঝুঁকিতে : গুগল', '', '৪০_শতাংশ_অ্যানড্রয়েড_ফোন_ঝুঁকিতে_গুগল', 'বিশ্বজুড়ে অ্যানড্রয়েড ব্যবহারকারীদের জন্য উদ্বেগজনক বার্তা দিল গুগল। সম্প্রতি প্রকাশিত সংস্থার এক প্রতিবেদনে জানানো হয়েছে, সারা বিশ্বের প্রায় ৪০ শতাংশ অ্যানড্রয়েড ডিভাইস এখন গুরুতর নিরাপত্তা ঝুঁকির মুখে। কারণ এই বিপুল সংখ্যক ফোনে ব্যবহৃত হচ্ছে এমন সফটওয়্যার, যার জন্য আর কোনো গুরুত্বপূর্ণ সিকিউরিটি প্যাচ দেওয়া হয় না।\r\n<div>\r\n</div><div>গুগলের তথ্য অনুযায়ী, বর্তমানে প্রায় ১০০ কোটি অ্যানড্রয়েড ডিভাইস এমন সংস্করণে চলছে, যেগুলোর নিরাপত্তা সহায়তা বন্ধ হয়ে গেছে।</div>', 'image_url_69a16d5f1d7e7.webp', '', '', '', NULL, NULL, '', NULL, '', '', '', '', NULL, '', NULL, '', '', 1, '', '2026-02-27 16:09:35', 0, 0.00, 0, NULL),
(6, 10, 0, 'সুশীলরা কেন দেশ পরিচালনায় ব্যর্থ হয়?', '', 'সুশীলরা_কেন_দেশ_পরিচালনায়_ব্যর্থ_হয়', 'ড. ইউনূসের নেতৃত্বে অন্তর্র্বর্তী সরকারের বিদায়ের এক সপ্তাহ পেরিয়ে গেছে। এই এক সপ্তাহে সুশীলদের এই সরকারের বিভিন্ন অনিয়ম, স্বেচ্ছাচারিতা, দুর্নীতি আর স্বজনপ্রীতির খবরে আমরা স্তম্ভিত। দেশের রাষ্ট্রপ্রধান থেকে শুরু করে সাধারণ রিকশাচালক পর্যন্ত যেন দম বন্ধ অবস্থা থেকে মুক্তি পেয়েছেন। \r\n<div>\r\n</div><div>দেশের শীর্ষস্থানীয় দৈনিক কালের কণ্ঠে দেওয়া সাক্ষাৎকারে রাষ্ট্রপতি বলেছেন, ‘সপ্তাহখানেক ধরে ভালো আছি।</div>', 'image_url_69a16de72a24f.jpg', '', '', '', NULL, NULL, '', NULL, '', '', '', '', NULL, '', NULL, '', '', 1, '', '2026-02-27 16:11:51', 0, 0.00, 0, NULL),
(7, 12, 66, 'শিক্ষকদের বেতন-ঈদ বোনাস কবে? যা জানা গেল', '', 'শিক্ষকদের_বেতন_ঈদ_বোনাস_কবে_যা_জানা_গেল', 'এমপিওভুক্ত শিক্ষকদের ঈদুল ফিতরের উৎসব ভাতা নিয়ে এখনো প্রস্তাবনা তৈরি করা হয়নি। তবে খুব শিগগিরই এ সংক্রান্ত প্রস্তাব তৈরি করে অনুমোদনের জন্য শিক্ষা মন্ত্রণালয়ে পাঠানো হবে বলে জানা গেছে।\r\n<div>\r\n</div><div>আজ বৃহস্পতিবার মাধ্যমিক ও উচ্চশিক্ষা অধিদপ্তরের (মাউশি) একটি সূত্র জানিয়েছে, বৃহস্পতিবার শিক্ষক-কর্মচারীদের ফেব্রুয়ারি মাসের বেতনের প্রস্তাব শিক্ষা মন্ত্রণালয়ে পাঠানো হবে।\r\n</div><div>এরপর আগামী সপ্তাহে মাউশির এডুকেশন ম্যানেজমেন্ট ইনফরমেশন সিস্টেম (ইএমআইএস) সেল ঈদ উৎসব ভাতার প্রস্তাব তৈরি করে সেটি অনুমোদনের জন্য মন্ত্রণালয়ে পাঠাবে।</div><div>\r\n</div>', 'image_url_69a16e91c9016.jpg', '', '', '', NULL, NULL, '', NULL, '', '', '', '', NULL, '', NULL, '', '', 1, '', '2026-02-27 16:14:41', 0, 0.00, 0, NULL),
(8, 21, 66, 'ইফতারের জন্য তিন রকমের হালিম তৈরির সহজ রেসিপি', '', 'ইফতারের_জন্য_তিন_রকমের_হালিম_তৈরির_সহজ_রেসিপি', 'ইফতারের মেনুতে হালিম থাকলে উৎসবের আমেজ যেন আরো বেড়ে যায়। বাইরের কেনা হালিমের চেয়ে ঘরে বানানো স্বাস্থ্যসম্মত হালিমের স্বাদই আলাদা। খুব সহজে বাড়িতেই বানিয়ে নিতে পারেন তিন ধরণের মজাদার হালিম— শাহী, খাসি ও স্পেশাল হালিম। চলুন, জেনে নিই রেসিপিগুলো।', 'image_url_69a16efff369f.jpg', '', '', '', NULL, NULL, '', NULL, '', '', '', '', NULL, '', NULL, '', '', 1, '', '2026-02-27 16:16:32', 0, 0.00, 0, NULL),
(9, 19, 0, ' এনসিপির প্রতিষ্ঠাবার্ষিকীর ইফতারে স্বরাষ্ট্রমন্ত্রীকে আমন্ত্রণ', '', 'এনসিপির_প্রতিষ্ঠাবার্ষিকীর_ইফতারে_স্বরাষ্ট্রমন্ত্রীকে_আমন্ত্রণ', 'জাতীয় নাগরিক পার্টির (এনসিপি) প্রথম প্রতিষ্ঠাবার্ষিকী উপলক্ষে আয়োজিত ইফতার মাহফিলে অংশ নিতে আমন্ত্রণ গ্রহণ করেছেন স্বরাষ্ট্রমন্ত্রী ও বিএনপির স্থায়ী কমিটির সদস্য সালাহউদ্দিন আহমদ।\r\n<div>\r\n</div><div>গতকাল বৃহস্পতিবার (২৬ ফেব্রুয়ারি) দিবাগত রাতে এনসিপির সদস্য সচিব আখতার হোসেন স্বরাষ্ট্রমন্ত্রীর বাসভবনে গিয়ে তার হাতে আমন্ত্রণপত্র তুলে দেন। পরে ফেসবুকে দেওয়া এক পোস্টে আখতার হোসেন জানান, মন্ত্রী সানন্দে দাওয়াত গ্রহণ করেছেন।\r\n</div><div>ফেসবুক পোস্টে তিনি লেখেন, ‘দেশ যাবে নতুন পথে, ফিরবে না আর ফ্যাসিবাদে’—এই প্রতিপাদ্য সামনে রেখে এনসিপির প্রথম প্রতিষ্ঠাবার্ষিকী উদযাপন করা হবে।</div><div>\r\n</div>', 'image_url_69a171f1c508a.jpg', '', '', '', NULL, NULL, '', NULL, '', '', '', '', NULL, '', NULL, '', '', 1, '', '2026-02-27 16:29:05', 0, 0.00, 0, NULL),
(10, 17, 0, 'পাটকাঠি-নকশিকাঁথা-তালপাখায় বইমেলাতে গ্রামের আবহ', '', 'পাটকাঠি_নকশিকাঁথা_তালপাখায়_বইমেলাতে_গ্রামের_আবহ', 'ভাষার মাস ফেব্রুয়ারিতে বাঙালির প্রাণের আয়োজন অমর একুশে বইমেলা। বই, লেখক, পাঠক আর সংস্কৃতির মিলনমেলায় প্রতিবছরই নতুন নতুন ভাবনায় সেজে ওঠে প্রকাশনা প্রতিষ্ঠানগুলোর স্টল। তবে এবারের আয়োজনে নান্দনিকতা ও লোকঐতিহ্যের মেলবন্ধনে আলাদা করে নজর কাড়ছে রংপুরের প্রকাশনা প্রতিষ্ঠান পাতাপ্রকাশ।\r\n<div>\r\n</div><div>তাদের স্টলটিতে ঢুকলেই যেন ফিরে যেতে হয় গ্রামবাংলার উঠানে।</div>', 'image_url_69a1725f53ba4.jpg', '', '', '', NULL, NULL, '', NULL, '', '', '', '', NULL, '', NULL, '', '', 1, '', '2026-02-27 16:30:55', 0, 0.00, 0, NULL),
(11, 5, 66, 'এমন কম্পন জীবনে দেখিনি, বললেন সাতক্ষীরার বাসিন্দারা', '', 'এমন_কম্পন_জীবনে_দেখিনি_বললেন_সাতক্ষীরার_বাসিন্দারা', 'দেশের বিভিন্ন এলাকায় ভূমিকম্প অনুভূত হয়েছে। এর উৎপত্তিস্থল সাতক্ষীরা হওয়ায় ওই এলাকার মানুষ তীব্র কম্পন অনুভব করেছেন। গত কয়েকদশকের মধ্যে এমন ভূমিকম্প অনুভূত হয়নি বলে জানিয়েছেন সাতক্ষীরা বাসিন্দারা। \r\n<div>\r\n</div><div>তবে ভূমিকম্পে তাৎক্ষণিকভাবে কোনো হতাহত বা ক্ষয়ক্ষতির খবর পাওয়া যায়নি।</div>', 'image_url_69a172e91d183.jpg', '', '', '', NULL, NULL, '', NULL, '', '', '', '', NULL, '', NULL, '', '', 1, '', '2026-02-27 16:33:13', 3, 0.00, 0, NULL),
(12, 5, 66, 'প্রতিটি ঘরে ঘরে ইন্টারনেট পৌঁছে দিতে চাই : তথ্যপ্রযুক্তিমন্ত্রী', '', 'প্রতিটি_ঘরে_ঘরে_ইন্টারনেট_পৌঁছে_দিতে_চাই_তথ্যপ্রযুক্তিমন্ত্রী', 'ডাক, টেলিযোগাযোগ ও তথ্যপ্রযুক্তি এবং বিজ্ঞান ও প্রযুক্তি মন্ত্রণালয়ের মন্ত্রী ফকির মাহবুব আনাম স্বপন বলেছেন, বর্তমান যুগে আইসিটি সবচেয়ে গুরুত্বপূর্ণ খাত। আমরা প্রতিটি ঘরে ঘরে ইন্টারনেট পৌঁছে দিতে চাই। প্রধানমন্ত্রী আমাদের বিশেষ নির্দেশনা দিয়েছেন বিমানবন্দর, রেলওয়ে স্টেশন এমনকি দ্রুতগতির হাইস্পিড যানবাহনগুলোতেও ফ্রি ওয়াইফাই সুবিধা নিশ্চিত করার জন্য।\r\n<div>\r\n</div><div>শুক্রবার (২৭ ফেব্রুয়ারি) সকালে টাঙ্গাইলে সাংবাদিকদের মন্ত্রী এসব কথা বলেন।</div>', 'image_url_69a173f33d78c.jpg', '', '', '', NULL, NULL, '', NULL, '', '', '', '', NULL, '', NULL, '', '', 1, '', '2026-02-27 16:37:39', 0, 0.00, 0, NULL),
(13, 5, 0, 'প্রতিমন্ত্রী সাকিকে নিরাপত্তা দিতে যাওয়ার পথে পুলিশের গাড়ি উল্টে আহত ৭', '', 'প্রতিমন্ত্রী_সাকিকে_নিরাপত্তা_দিতে_যাওয়ার_পথে_পুলিশের_গাড়ি_উল্টে_আহত', 'ব্রাহ্মণবাড়িয়ার বাঞ্ছারামপুর উপজেলায় অর্থ ও পরিকল্পনা প্রতিমন্ত্রী জোনায়েদ আব্দুর রহিম সাকিকে নিরাপত্তা ও সালাম দিতে যাওয়ার পথে পুলিশবাহী একটি গাড়ি নিয়ন্ত্রণ হারিয়ে উল্টে গিয়ে সাত জন পুলিশ সদস্য আহত হয়েছেন। তাদের মধ্যে গুরুতর আহত দুজনকে রাজধানীর রাজারবাগ কেন্দ্রীয় পুলিশ হাসপাতালে প্রেরণ করা হয়েছে।\r\n<div>\r\n</div><div>শুক্রবার (২৭ ফেব্রুয়ারি) সকাল সাড়ে ৭টার দিকে উপজেলার ছয়ফুল্লাকান্দি ইউনিয়নের দড়িভেলানগর এলাকায় এ দুর্ঘটনা ঘটে বলে নিশ্চিত করেছেন নবীনগর সার্কেলের অতিরিক্ত পুলিশ সুপার পিয়াস বসাক।</div>', 'image_url_69a1745846e22.jpg', '', '', '', NULL, NULL, '', NULL, '', '', '', '', NULL, '', NULL, '', '', 1, '', '2026-02-27 16:39:20', 1, 0.00, 0, NULL),
(14, 5, 0, 'সাদাকে সাদা, কালোকে কালো বলুন : প্রতিমন্ত্রী মিল্লাত', '', 'সাদাকে_সাদা_কালোকে_কালো_বলুন_প্রতিমন্ত্রী_মিল্লাত', 'বেসামরিক বিমান পরিবহন ও পর্যটন প্রতিমন্ত্রী এম রশিদুজ্জামান মিল্লাত বলেছেন, সাদাকে সাদা বলুন, কালোকে কালো বলুন। এতে কোনো আপত্তি নেই। কিন্তু হলুদ সাংবাদিকতা যেন না হয়। এতে দেশ ও এলাকার অনেক ক্ষতি হয়।<br>শুক্রবার (২৭ ফেব্রুয়ারি) বেলা সাড়ে ১১টায় জামালপুর জেলা প্রশাসকের কার্যালয়ের সভাকক্ষে সাংবাদিকদের সঙ্গে মতবিনিময়সভায় তিনি এসব কথা বলেন।\r\n<div>গণমাধ্যমকর্মীদের উদ্দেশ্যে এম রশিদুজ্জামান মিল্লাত বলেন, ‘সাংবাদিকদের যেসব অসুবিধা রয়েছে, তা নিয়ে ইতিমধ্যে আমাদের তথ্যমন্ত্রী ওয়েজ বোর্ড, সুবিধা-অসুবিধা নিয়ে আলোচনা করছেন। তবে একটি বিষয়ে অনুরোধ কোনোভাবেই যেন মিথ্যা সংবাদ বা সমাজে বিশৃঙ্খলা সৃষ্টি করে এমন বিভ্রান্তিকর খবর প্রকাশ না হয়। আসুন,আমরা সবাই একসঙ্গে দেশ গড়ার কাজে লাগি।</div>', 'image_url_69a174e44ab8e.jpg', '', '', '', NULL, NULL, '', NULL, '', '', '', '', NULL, '', NULL, '', '', 1, '', '2026-02-27 16:41:40', 2, 0.00, 0, NULL),
(15, 5, 0, 'কালীগঞ্জে বিএনপির দুই পক্ষের সংর্ঘষ, আহত ১০', '', 'কালীগঞ্জে_বিএনপির_দুই_পক্ষের_সংর্ঘষ_আহত_১০', 'ঝিনাইদহের কালীগঞ্জে নির্বাচন পরবর্তী সভা চলাকালে বিএনপির দুই পক্ষের মধ্যে সংর্ঘষের ঘটনা ঘটেছে। ঝিনাইদহ-৪ আসনে বিএনপি প্রার্থী রাশেদ খানের উপস্থিতিতেই এই সংঘর্ষ শুরু হয়। এ সময় ২ পুলিশ সদস্যসহ অন্তত ১০ জন আহত হয়েছেন। শুক্রবার (২৭ ফেব্রুয়ারি) দুপুরে কালীগঞ্জ থানা মোড়ে রাশেদ খানের নির্বাচনী কার্যালয়ে এ ঘটনা ঘটে।<div>পুলিশ ও স্থানীয়রা জানান, দুপুরের দিকে ধানের শীষ প্রতীকের প্রার্থী রাশেদ খানের দলীয় কার্যালয়ে মহারাজপুর ইউনিয়ন বিএনপি নেতাকর্মীদের নিয়ে নির্বাচন পরবর্তী করণীয় বিষয়ে সভা চলছিল। সভা চলাকালে নেতাকর্মীরা বাক-বিতণ্ডায় জড়িয়ে পড়েন। একপর্যায়ে উভয়পক্ষের মধ্যে হাতাহাতি ও সংঘর্ষ শুরু হয়। সে সময় নেতাকর্মীদের একটি অংশ কালীগঞ্জ থানার ভেতরে ঢুকে পড়ে।</div>', 'image_url_69a1758a70258.jpg', '', '', '', NULL, NULL, '', NULL, '', '', '', '', NULL, '', NULL, '', '', 1, '', '2026-02-27 16:44:26', 1, 0.00, 0, NULL),
(16, 12, 0, 'বাউবির বিএ ও বিএসএস পরীক্ষার ফল প্রকাশ', '', 'বাউবির_বিএ_ও_বিএসএস_পরীক্ষার_ফল_প্রকাশ', 'বাংলাদেশ উন্মুক্ত বিশ্ববিদ্যালয় (বাউবি) পরিচালিত বিএ এবং বিএসএস পরীক্ষা-২০২৪-এর প্রথম, দ্বিতীয়, তৃতীয়, চতুর্থ, পঞ্চম ও ষষ্ঠ সেমিস্টারের বিষয়ভিত্তিক ফলসহ চূড়ান্ত ফল প্রকাশিত হয়েছে।\r\n<div>\r\n</div><div>বৃহস্পতিবার বার (২৬ ফেব্রুয়ারি) ভারপ্রাপ্ত পরীক্ষা নিয়ন্ত্রক মো. হাবিবুল্যাহ মাহামুদ আনুষ্ঠানিকভাবে ওই ফল ঘোষণা করেন।\r\n</div><div>ছয়টি সেমিস্টারে নিবন্ধিত শিক্ষার্থী সংখ্যা ছিল ২ লাখ ৫৯ হাজার ৯৬৯ জন এবং পরীক্ষায় অংশগ্রহণ করেন ২ লাখ ২০ হাজার ২১৪ জন। এ ছাড়া চূড়ান্ত পরীক্ষায় ৪০ হাজার ৪৭৬ জন শিক্ষার্থী অংশগ্রহণ করেন।</div><div>\r\n</div>', 'image_url_69a1d74c1b4b8.jpg', '', '', '', NULL, NULL, '', NULL, '', '', '', '', NULL, '', NULL, '', '', 1, '', '2026-02-27 23:41:32', 0, 0.00, 0, NULL),
(17, 12, 0, 'গভীর রাতে বুয়েটে শিক্ষার্থীদের বিক্ষোভ, পাটোয়ারীকে ঘিরে হট্টগোল', '', 'গভীর_রাতে_বুয়েটে_শিক্ষার্থীদের_বিক্ষোভ_পাটোয়ারীকে_ঘিরে_হট্টগোল', 'বাংলাদেশ প্রকৌশল বিশ্ববিদ্যালয় (বুয়েট) ক্যাম্পাসে রাজনৈতিক স্লোগান দেওয়ার অভিযোগে তাৎক্ষণিক বিক্ষোভ মিছিল ও প্রেস ব্রিফিং করেছেন শিক্ষার্থীরা। গতকাল বুধবার (২৫ ফেব্রুয়ারি) দিবাগত রাত ১টার দিকে বুয়েট শহীদ মিনারের সামনে থেকে এ কর্মসূচি শুরু হয়। \r\n<div>\r\n</div><div>শিক্ষার্থীরা জানান, ঢাকা-৮ আসনের সাবেক সংসদ সদস্য প্রার্থী নাসিরুদ্দিন পাটোয়ারী তার নিয়মিত তারাবি ও জনসংযোগ কর্মসূচির অংশ হিসেবে বুয়েট কেন্দ্রীয় মসজিদে নামাজ আদায় করতে আসেন। মসজিদ সবার জন্য উন্মুক্ত হওয়ায় সেখানে নামাজ পড়ার অধিকার সবার রয়েছে বলে উল্লেখ করেন তারা।</div>', 'image_url_69a1d79792b64.jpg', '', '', '', NULL, NULL, '', NULL, '', '', '', '', NULL, '', NULL, '', '', 1, '', '2026-02-27 23:42:47', 0, 0.00, 0, NULL),
(18, 12, 0, 'জুনিয়র বৃত্তির ফলাফলে দেশসেরা যে স্কুল', '', 'জুনিয়র_বৃত্তির_ফলাফলে_দেশসেরা_যে_স্কুল', 'জুনিয়র বৃত্তি পরীক্ষার ফলাফলে সারা দেশে প্রথম স্থান অর্জন করে অনন্য কৃতিত্ব দেখিয়েছে দিনাজপুরের চিরিরবন্দরের আইডিয়াল রেসিডেন্সিয়াল মডেল স্কুল।\r\n<div>\r\n</div><div>প্রতিষ্ঠানটি থেকে অংশ নেওয়া ৮৪ জন শিক্ষার্থীর সবাই বৃত্তি অর্জন করেছে-যা শতভাগ সাফল্যের বিরল দৃষ্টান্ত। এর মধ্যে ৬৮ জন শিক্ষার্থী ট্যালেন্টপুলে এবং ১৬ জন সাধারণ গ্রেডে বৃত্তি পেয়েছে। বৃত্তিপ্রাপ্তদের মধ্যে ৫৫ জন ছাত্র ও ২৯ জন ছাত্রী রয়েছে।</div>', 'image_url_69a1d7e53a5aa.jpg', '', '', '', NULL, NULL, '', NULL, '', '', '', '', NULL, '', NULL, '', '', 1, '', '2026-02-27 23:44:05', 0, 0.00, 0, NULL),
(19, 12, 0, 'নানা আয়োজনে খুবি সাংবাদিক সমিতির ৬ষ্ঠ প্রতিষ্ঠাবার্ষিকী উদযাপন', '', 'নানা_আয়োজনে_খুবি_সাংবাদিক_সমিতির_৬ষ্ঠ_প্রতিষ্ঠাবার্ষিকী_উদযাপন', 'নানা আয়োজনের মধ্য দিয়ে খুলনা বিশ্ববিদ্যালয় সাংবাদিক সমিতি (খুবিসাস)-এর ৬ষ্ঠ প্রতিষ্ঠাবার্ষিকী উদযাপন করা হয়েছে। প্রতিষ্ঠাবার্ষিকী উপলক্ষে বুধবার (২৫ ফেব্রুয়ারি) বিকেলে সাংবাদিক লিয়াকত আলী মিলনায়তনে আলোচনাসভা, ইফতার মাহফিল ও কেক কাটা অনুষ্ঠান আয়োজন করা হয়। \r\n<div>\r\n</div><div>অনুষ্ঠানে প্রধান অতিথি হিসেবে বক্তব্য দেন উপাচার্য প্রফেসর ড. মো. রেজাউল করিম। বিশেষ অতিথি হিসেবে বক্তব্য দেন উপ-উপাচার্য প্রফেসর ড. মো. হারুনর রশীদ খান, ট্রেজারার প্রফেসর ড. মো. নূরুন্নবী, ছাত্রবিষয়ক পরিচালক প্রফেসর ড. মো. নাজমুস সাদাত, গণযোগাযোগ ও সাংবাদিকতা ডিসিপ্লিনের প্রধান সারা মনামী হোসেন এবং খুলনা প্রেস ক্লাবের আহ্বায়ক এনামুল হক।</div>', 'image_url_69a1d8541c216.jpg', '', '', '', NULL, NULL, '', NULL, '', '', '', '', NULL, '', NULL, '', '', 1, '', '2026-02-27 23:45:56', 1, 0.00, 0, NULL),
(20, 12, 0, 'আ. লীগপন্থী শিক্ষকদের পুনর্বাসন প্রশ্নে দ্বিমুখী নীতির অভিযোগ নোবিপ্রবির সাদা দলের বিরুদ্ধে', '', 'আ_লীগপন্থী_শিক্ষকদের_পুনর্বাসন_প্রশ্নে_দ্বিমুখী_নীতির_অভিযোগ_নোবিপ্রবির_সাদা', 'নোয়াখালী বিজ্ঞান ও প্রযুক্তি বিশ্ববিদ্যালয়ে (নোবিপ্রবি) আওয়ামী লীগপন্থী শিক্ষক-কর্মকর্তাদের উপস্থিতি ও পুনর্বাসন ইস্যুতে নতুন করে বিতর্ক দেখা দিয়েছে। অভিযোগ উঠেছে, প্রায় ছয় মাস আগে প্রশাসনিকভাবে তাদে একাডেমিক কার্যক্রমে অংশগ্রহণের অনুমতি দেওয়া হয় এবং এতে সাদা দলেরও সম্মতি ছিল। তবে সম্প্রতি একই বিষয় নিয়ে মানববন্ধন কর্মসূচি পালন করে ভিন্ন অবস্থান নেওয়ায় সাদা দলের বিরুদ্ধে দ্বিমুখী নীতির প্রশ্ন উঠেছে।\r\n<div>\r\n</div><div>মঙ্গলবার (২৪ ফেব্রুয়ারি) বিশ্ববিদ্যালয়ের শহীদ মিনার চত্বরে ‘ফ্যাসিবাদের দোসরদের পুনর্বাসনের প্রতিবাদে’ মানববন্ধন কর্মসূচি পালন করেন শিক্ষার্থীরা।</div>', 'image_url_69a1d8a6314bc.jpg', '', '', '', NULL, NULL, '', NULL, '', '', '', '', NULL, '', NULL, '', '', 1, '', '2026-02-27 23:47:18', 0, 0.00, 0, NULL),
(21, 19, 0, 'বাংলাদেশিদের জন্য শিগগিরই ভারতীয় ভিসা চালু করা হবে : পররাষ্ট্র প্রতিমন্ত্রী', '', 'বাংলাদেশিদের_জন্য_শিগগিরই_ভারতীয়_ভিসা_চালু_করা_হবে_পররাষ্ট্র_প্রতিমন্ত্রী', 'পররাষ্ট্র প্রতিমন্ত্রী শামা ওবায়েদ ইসলাম বলেছেন, ‘বাংলাদেশের নাগরিকদের জন্য ভারতীয় ভিসা খুব শিগগিরই চালু করা হবে। এরইমধ্যে ভারতীয় হাইকমিশনারের সঙ্গে বৈঠক হয়েছে। ভিসা চালুর বিষয়ে তারা ইতিবাচক। খুব দ্রুত যাতে ভিসা প্রক্রিয়া স্বাভাবিক হয়ে যায় এবং বাংলাদেশের নাগরিকরা যাতে ভারতে যেতে পারে সে বিষয়ে কাজ করছে পররাষ্ট্র মন্ত্রণালয়।<br>শুক্রবার (২৭ ফেব্রুয়ারি) বিকালে ফরিদপুরের সালথা উপজেলার আটঘর ইউনিয়নের খোয়াড় গ্রামে অগ্নিকাণ্ডে ক্ষতিগ্রস্ত পরিবারের সদস্যদের মাঝে অনুদান বিতরণ শেষে সাংবাদিকদের এক প্রশ্নের উত্তরে তিনি এসব কথা বলেন।\r\n<div>\r\n</div><div>শামা ওবায়েদ বলেন, ‘ভারতের হাই কমিশনার আসছে। ওনারা ইতিবাচক যেন ভিসা কার্যক্রম স্বাভাবিক হয়ে যায়। আমাদের বাংলাদেশের নাগরিকরা যাতে ওখানে যেতে পারে সেই ব্যবস্থা উনারা করছেন।\r\n</div><div><br></div><div>\r\n</div>', 'image_url_69a1d9880437d.jpg', '', '', '', NULL, NULL, '', NULL, '', '', '', '', NULL, '', NULL, '', '', 1, '', '2026-02-27 23:51:04', 0, 0.00, 0, NULL),
(22, 19, 0, 'পাকিস্তান-আফগানিস্তান সংঘাত নিয়ে যা বলল ভারত', '', 'পাকিস্তান_আফগানিস্তান_সংঘাত_নিয়ে_যা_বলল_ভারত', 'আফগান ভূখণ্ডে পাকিস্তানের বিমান হামলার তীব্র নিন্দা জানিয়েছে ভারত। শুক্রবার (২৭ ফেব্রুয়ারি) সামাজিক যোগাযোগ মাধ্যমে দেওয়া বিবৃতিতে ভারতের পররাষ্ট্র মন্ত্রণালয়ের মুখপাত্র রণধীর জয়সওয়াল এ নিন্দা জানান।\r\n<div>\r\n</div><div>এক্সে দেওয়া এক বিবৃতিতে জয়সওয়াল বলেন, মুসলিমদের পবিত্র রমজান মাসে চালানো এ হামলায় নারী ও শিশুসহ বেসামরিক হতাহতের ঘটনা ঘটেছে।\r\n</div><div>তিনি আরো বলেন, ‘এ হামলা পাকিস্তানের অভ্যন্তরীণ ব্যর্থতা আড়াল করার আরেকটি চেষ্টা।</div><div>\r\n</div>', 'image_url_69a1d9f07b901.jpg', '', '', '', NULL, NULL, '', NULL, '', '', '', '', NULL, '', NULL, '', '', 1, '', '2026-02-27 23:52:48', 0, 0.00, 0, NULL),
(23, 19, 0, 'জামিন পেলেন সেলিনা হায়াৎ আইভী', '', 'জামিন_পেলেন_সেলিনা_হায়াৎ_আইভী', 'নারায়ণগঞ্জ সিটি করপোরেশনের সাবেক মেয়র সেলিনা হায়াৎ আইভীকে পৃথক পাঁচ মামলায় জামিন দিয়েছেন হাইকোর্ট। বিচারপতি কে এম জাহিদ সারওয়ার ও বিচারপতি শেখ আবু তাহেরের হাইকোর্ট বেঞ্চ এ আদেশ দেন।\r\n<div>\r\n</div><div>পাঁচ মামলার মধ্যে চারটি মামলায় গ্রেপ্তার দেখানো হয়েছে সেগুলো হলো—ফতুল্লা থানায় করা বাসচালক আবুল হোসেন মিজি হত্যা, আব্দুর রহমান হত্যা, মো. ইয়াছিন হত্যা এবং পারভেজ হত্যা মামলা।\r\n</div><div>হামলা ও সরকারি কাজে বাধা দেওয়ার অভিযোগে অপর মামলাটি হয়েছে সদর মডেল থানায়।</div><div>\r\n</div>', 'image_url_69a1da4d6ae8b.jpg', '', '', '', NULL, NULL, '', NULL, '', '', '', '', NULL, '', NULL, '', '', 1, '', '2026-02-27 23:54:21', 0, 0.00, 0, NULL),
(24, 17, 0, 'যুক্তরাষ্ট্রের কর্নেল বিশ্ববিদ্যালয়ে ঋত্বিক ঘটকের জন্মশতবার্ষিকী উদযাপন', '', 'যুক্তরাষ্ট্রের_কর্নেল_বিশ্ববিদ্যালয়ে_ঋত্বিক_ঘটকের_জন্মশতবার্ষিকী_উদযাপন', 'নিউ ইয়র্ক অঙ্গরাজ্যের ইথাকায় অবস্থিত যুক্তরাষ্ট্রের শীর্ষস্থানীয় বিদ্যাপীঠ (অন্যতম আইবেলিক বিশ্ববিদ্যালয়) কর্নেল বিশ্ববিদ্যালয়ে বাংলার কিংবদন্তি চলচ্চিত্রকার ঋত্বিক ঘটকের এক অভূতপূর্ব জন্মশতবার্ষিকী উদযাপিত হয়েছে। \r\n<div>\r\n</div><div>গত বৃহস্পতিবার (১৫ জানুয়ারি) বিশ্ববিদ্যালয়ের ল্যাংগুয়েজ রিসোর্স সেন্টারে নিউ ইয়র্ক সময় সকাল ১০টায় এই ব্যতিক্রমধর্মী উদযাপন অনুষ্ঠিত হয়। দুই পর্বে বিভক্ত অনুষ্ঠানের প্রথম ভাগে ছিল ‘নির্বাসিত জীবনের স্মৃতি ও মানব চেতনার শেষ আশ্রয় : ঋত্বিক ঘটক ও থিও এঞ্জেলোপোলাসের তুলনামূলক পাঠ’ শীর্ষক সেমিনার।\r\n</div><div>দ্বিতীয় পর্বে ছিল ঋত্বিকের কালজয়ী ছবি ‘মেঘে ঢাকা তারা’র সঙ্গীত নিয়ে পুনর্বিবেচনা ও সঙ্গীত-পরিবেশনা।</div><div>\r\n</div>', 'image_url_69a26bb5c1bd8.jpg', '', '', '', NULL, NULL, '', NULL, '', '', '', '', NULL, '', NULL, '', '', 1, '', '2026-02-28 10:14:45', 0, 0.00, 0, NULL),
(25, 17, 0, 'দেয়ালের ঢাকায় দোয়েল-এ মিল্লাতের অভিষেক', '', 'দেয়ালের_ঢাকায়_দোয়েল_এ_মিল্লাতের_অভিষেক', 'দেয়ালের শহর ঢাকা। শহরে রয়েছে দোয়েল চত্বর। সেটা অন্য এক গল্প। ঘরে ঘরে যে দেয়াল, তার আড়ালে স্বস্তি যেমন থাকে, তেমনি থাকে যন্ত্রণাকাতর পাথর সময়।<br>থাকে প্রণয়ের সুখ। অপ্রাপ্তির বেদনাও থাকে। \r\n<div>এমন সব ব্যক্তিগত আশা-হতাশার কথা কবিতায় বুনেছেন তায়েব মিল্লাত হোসেন। তার কবিতা থেকেই পাঠ করা যায় : ‘কিংবদন্তির কাছেই আমাদের/ অজানা অধ্যায় ঘাসের লাবণ্য/ সংসার ও সুখ কানামাছি ভূষণ/ ইটের সীমানায় আড়াল সন্তাপ।<br>সদ্য প্রকাশিত ‘দেয়ালের ঢাকায় দোয়েল’ শিরোনামের কবিতাগ্রন্থটি কবির প্রথম বই। বই প্রথম হলেও মিল্লাত কাব্যচর্চা করছেন অন্তত আড়াই দশক ধরে। ফলে তার অগ্রন্থিত কবিতার সংখ্যা অগুনতি। সেসব থেকে বাছাই করা ৩৭টি কবিতা নিয়ে ছাপা-বাঁধাই হয়েছে কাব্যগ্রন্থ ‘দেয়ালের ঢাকায় দোয়েল’, যেখানে আছে প্রেম, স্বদেশ, ইতিহাস ও  রাজনীতির নানা অনুষঙ্গ।</div>', 'image_url_69a26c3001b7a.jpg', '', '', '', NULL, NULL, '', NULL, '', '', '', '', NULL, '', NULL, '', '', 1, '', '2026-02-28 10:16:48', 1, 0.00, 0, NULL),
(26, 17, 0, '২০ ফেব্রুয়ারির বইমেলায় অংশ না নেওয়ার ঘোষণা ৩২১ প্রকাশকের', '', '২০_ফেব্রুয়ারির_বইমেলায়_অংশ_না_নেওয়ার_ঘোষণা_৩২১_প্রকাশকের', 'আগামী ২০ ফেব্রুয়ারি থেকে বাংলা একাডেমির অমর একুশে বইমেলা শুরুর সিদ্ধান্তকে বাস্তবতাবিবর্জিত, আত্মঘাতী ও প্রকাশনাশিল্পকে প্রবল অনিশ্চয়তার দিকে ঠেলে দেওয়ার শামিল বলে অভিহিত করে তাতে অংশগ্রহণ না করার সিদ্ধান্ত নিয়েছেন ৩২১ জন প্রকাশক।\r\n<div>\r\n</div><div>প্রকাশকদের চাওয়া, ২০ ফেব্রুয়ারি নয়, ঈদের পরেই হোক ‘প্রাণবন্ত’ বইমেলা। ঈদের পরে মেলা হলে প্রাকৃতিক দুর্যোগে ক্ষতি হলে সেই ঝুঁকি নিতেও প্রস্তুত বলে জানিয়েছেন প্রকাশকরা। \r\n</div><div>আজ রবিবার রাতে গণমাধ্যমে পাঠানো এক যৌথ বিবৃতিতে প্রকাশকরা ‘অমর একুশে বইমেলা-২০২৬’ নিয়ে নিজেদের এ অবস্থানের কথা তুলে ধরেন।<br>বিবৃতিতে বলা হয়, ‘বইমেলা কোনো সরকারি রুটিন ওয়ার্ক বা কেবল আমলাতান্ত্রিক আনুষ্ঠানিকতা নয়; এটি লেখক, প্রকাশক ও পাঠকের মিলনমেলা। কিন্তু জাতীয় নির্বাচনের পরপরই রোজার মধ্যে মেলা আয়োজনের যে হঠকারী সিদ্ধান্ত নেওয়া হয়েছে, তাতে মেলার মূল উদ্দেশ্যই ব্যাহত হবে।’\r\n</div><div>বিবৃতিতে প্রকাশকরা বলেন, “আমাদের সামগ্রিক অবস্থানকে বৃদ্ধাঙ্গুলি দেখিয়ে কর্তৃপক্ষ মেলা কমিটির অনুমোদন ছাড়াই বিধিবহির্ভূতভাবে নতুন নতুন প্যাভিলিয়ন ও স্টল বরাদ্দ দিচ্ছে। এর ফলে দীর্ঘদিনের জ্যেষ্ঠতা ও মান যাচাইয়ের নিয়ম ভেঙে অযোগ্যদের বড় স্টল দেওয়ায় ভবিষ্যতে ভুল নজির তৈরি হবে।<br>পরবর্তীতে এই বরাদ্দকেই তারা ‘আইনি অধিকার’ দাবি করে বিশৃঙ্খলা ও মামলা-মোকদ্দমার পথ তৈরি করবে। শূন্যস্থান পূরণের হুজুগে অযোগ্য বা সুবিধাভোগীদের জায়গা দেওয়ায় মেলার ব্যাবসায়িক পরিবেশ ও প্রকাশনার ইকোসিস্টেম ক্ষতিগ্রস্ত হবে। এতে প্রকৃত পেশাদার প্রকাশকরা কোণঠাসা হয়ে পড়বেন এবং মেলার মান তলানিতে গিয়ে ঠেকবে।”</div><div>\r\n</div><div>\r\n</div>', 'image_url_69a26c979d47d.jpg', '', '', '', NULL, NULL, '', NULL, '', '', '', '', NULL, '', NULL, '', '', 1, '', '2026-02-28 10:18:31', 0, 0.00, 0, NULL),
(27, 17, 0, '১ ও ২ ফেব্রুয়ারি কেন্দ্রীয় শহীদ মিনারে ৩৮তম জাতীয় কবিতা উৎসব', '', '১_ও_২_ফেব্রুয়ারি_কেন্দ্রীয়_শহীদ_মিনারে_৩৮তম_জাতীয়_কবিতা', '‘সংস্কৃতিবিরোধী আস্ফালন রুখে দেবে কবিতা’—এই দৃপ্ত প্রত্যয়ে আগামী ১ ও ২ ফেব্রুয়ারি ৩৮তম জাতীয় কবিতা উৎসব-২০২৬ হতে যাচ্ছে। ঢাকার ঐতিহাসিক কেন্দ্রীয় শহীদ মিনার প্রাঙ্গণে দুই দিনব্যাপী এই আয়োজন ঘিরে ইতিমধ্যে কবি, সংস্কৃতিকর্মী ও সাহিত্যপ্রেমীদের মাঝে তৈরি হয়েছে ব্যাপক উৎসাহ।\r\n<div>\r\n</div><div>উৎসবের প্রথম দিন রবিবার (১ ফেব্রুয়ারি) সকাল ১০টার দিকে অনুষ্ঠানের উদ্বোধন করবেন চব্বিশের ছাত্র-জনতার গণ-অভ্যুত্থানের বীর শহীদ মীর মাহফুজুর রহমান মুগ্ধর বাবা মীর মোস্তাফিজুর রহমান। অনুষ্ঠানে প্রধান অতিথি হিসেবে উপস্থিত থাকবেন সংস্কৃতিবিষয়ক মন্ত্রণালয়ের উপদেষ্টা মোস্তফা সরয়ার ফারুকী।\r\n</div><div>মূল আলোচক হিসেবে বক্তব্য দেবেন বিশিষ্ট শিক্ষাবিদ ও রাষ্ট্রচিন্তক ড. সলিমুল্লাহ খান।\r\n</div><div>আয়োজকরা জানিয়েছেন, দেশের বিভিন্ন জেলা ছাড়াও বিদেশ থেকে আগত কবিরা উৎসবে অংশ নেবেন এবং স্বরচিত কবিতা পাঠ করবেন। পাশাপাশি খ্যাতিমান শিল্পীদের পরিবেশনায় থাকবে কবিতা আবৃত্তি, কবিতার গান ও কাব্যনৃত্য—যা উৎসবকে করে তুলবে বহুমাত্রিক সাংস্কৃতিক মিলনমেলা।\r\n</div><div>আয়োজকদের মতে, হাজার বছরের বাংলা সংস্কৃতির ওপর আঘাত হানা উগ্রবাদী অপসংস্কৃতির বিরুদ্ধে কবিতা সব সময়ই প্রতিবাদের শক্তিশালী ভাষা।\r\n</div><div>এই উৎসব সেই প্রতিবাদী চেতনাকে আরো সংগঠিত ও শাণিত করবে। অসাম্প্রদায়িক ও গণতান্ত্রিক বাংলাদেশ বিনির্মাণের সাংস্কৃতিক লড়াইয়ে এই আয়োজন নতুন প্রেরণা জোগাবে বলেও তারা আশাবাদ ব্যক্ত করেন।\r\n</div><div>উৎসবে সবার আন্তরিক উপস্থিতি কামনা করেছেন আয়োজক পরিষদের সভাপতি মোহন রায়হান, সাধারণ সম্পাদক রেজাউদ্দিন স্টালিন এবং প্রধান সমন্বয়ক মানব সুরত।</div><div>\r\n</div><div>\r\n</div><div>\r\n</div>', 'image_url_69a26cea1f8c2.webp', '', '', '', NULL, NULL, '', NULL, '', '', '', '', NULL, '', NULL, '', '', 1, '', '2026-02-28 10:19:54', 0, 0.00, 0, NULL),
(28, 7, 0, 'সাকিবের জাতীয় দলে ফেরা নিয়ে নতুন বার্তা দিলেন ফারুক', '', 'সাকিবের_জাতীয়_দলে_ফেরা_নিয়ে_নতুন_বার্তা_দিলেন_ফারুক', 'লাল-সবুজের জার্সিতে শেষবার ২০২৪ সালে মাঠে নেমেছিলেন সাকিব আল হাসান। তারপর কেটে গেছে সময়, বদলেছে অনেক দৃশ্যপট কিন্তু বদলায়নি একটাই প্রশ্ন—কবে আবার জাতীয় দলে ফিরবেন সাকিব?\r\n<div>\r\n</div><div>মামলার জটিলতায় দেশের মাটিতে পা রাখা হয়নি তার। একবার দেশে ফেরার ইচ্ছায় দুবাই পর্যন্ত এসেও শেষ মুহূর্তে বদলাতে হয়েছিল সিদ্ধান্ত। সেই ঘটনাই যেন আরো বাড়িয়ে দিয়েছে অনিশ্চয়তার কুয়াশা।</div>', 'image_url_69a26d6a904fe.jpg', '', '', '', NULL, NULL, '', NULL, '', '', '', '', NULL, '', NULL, '', '', 1, '', '2026-02-28 10:22:02', 0, 0.00, 0, NULL),
(29, 7, 0, 'সেমিফাইনাল খেলতে যে সমীকরণে পাকিস্তান', '', 'সেমিফাইনাল_খেলতে_যে_সমীকরণে_পাকিস্তান', 'টি-টোয়েন্টি বিশ্বকাপের শেষ দিকে এসে পাকিস্তানের চাওয়াতেই যেন হচ্ছে সব। যে কারণে সুপার এইটে এখনো কোনো ম্যাচ না জিতেও টিকে আছে তাদের সেমিফাইনাল খেলার সম্ভাবনা। তবে সে জন্য মেলাতে হবে কঠিন এক সমীকরণ। \r\n<div>\r\n</div><div>কলম্বোতে শুক্রবার রাতে রোমাঞ্চকর লড়াইয়ে নিউজিল্যান্ডকে হারিয়ে দিয়েছে ইংল্যান্ড।<br>আর এতেই বেঁচে গেছে পাকিস্তানের সেমিফাইনাল খেলার স্বপ্ন। কারণ কিউইরা জিতলেই বিদায়ঘণ্টা বেজে যেত পাকিস্তানের। \r\n</div><div>সুপার এইটের দ্বিতীয় গ্রুপে এখন বাকি একটি ম্যাচ। পাল্লেকেলেতে শনিবার সন্ধ্যায় ওই ম্যাচে লড়বে পাকিস্তান ও শ্রীলঙ্কা।</div>', 'image_url_69a26e28c166b.jpg', '', '', '', NULL, NULL, '', NULL, '', '', '', '', NULL, '', NULL, '', '', 1, '', '2026-02-28 10:24:43', 0, 0.00, 0, NULL),
(30, 7, 0, 'বিশ্বকাপের মাঝেই পিতৃত্বকালীন ছুটিতে দেশে ফিরছেন কিউই তারকা', '', 'বিশ্বকাপের_মাঝেই_পিতৃত্বকালীন_ছুটিতে_দেশে_ফিরছেন_কিউই_তারকা', 'টি-টোয়েন্টি বিশ্বকাপে নিউজিল্যান্ডের জন্য ভীষণ গুরুত্বপূর্ণ ম্যাচে ইংল্যান্ডের বিপক্ষে খেলেছেন ম্যাট হেনরি। আর এই ম্যাচের পর তাকে ধরতে হচ্ছে দেশের বিমান। \r\n<div>\r\n</div><div>দ্বিতীয় সন্তান জন্মের সময় স্ত্রীর পাশে থাকতে ছুটিতে দেশে ফিরছেন এই ফাস্ট বোলার। এক বিবৃতিতে হেনরি ও তার পরিবারের জন্য শুভকামনা জানিয়েছেন নিউজিল্যান্ড কোচ রব ওয়াল্টার।<br>তারা সেমিফাইনালে উঠলে এই বোলার ফিরবেন বলে আশা ব্যক্ত করেছেন তিনি।\r\n</div><div>সুপার এইটে নিজেদের শেষ ম্যাচে শুক্রবার কলম্বোয় ইংল্যান্ডের মুখোমুখি হয়েছে নিউজিল্যান্ড। যইও ম্যাচটি হেরে গেছে কিউইরা। তবে এই ম্যাচ জিতলে সেমিফাইনালের টিকেট নিশ্চিত হয়ে যেত কিউইদের।\r\n</div><div><br></div><div>\r\n</div>', 'image_url_69a273fd0cf41.jpg', '', '', '', NULL, NULL, '', NULL, '', '', '', '', NULL, '', NULL, '', '', 1, '', '2026-02-28 10:46:54', 1, 0.00, 0, NULL),
(31, 15, 0, 'সমন্বয়হীনতায় প্রশাসনে ব্যাপক বিশৃঙ্খলা', '', 'সমন্বয়হীনতায়_প্রশাসনে_ব্যাপক_বিশৃঙ্খলা', 'অগ্নিকাণ্ড, ভূমিকম্প, বন্যা, পাহাড়ধসসহ দেশের যেকোনো প্রাকৃতিক দুর্যোগে সবার আগে উদ্ধারকাজে ঝাঁপিয়ে পড়েন ফায়ার সার্ভিস ও সিভিল ডিফেন্স অধিদপ্তরের কর্মী ও স্বেচ্ছাসেবকরা। তাঁদের উদ্ধারকারী যন্ত্রপাতি কেনার বরাদ্দ দেয় দুর্যোগ ব্যবস্থাপনা ও ত্রাণ মন্ত্রণালয়। কারণ জাতীয় দুর্যোগে সার্বিক তদারকি করে সরকারের এ মন্ত্রণালয়টি। কিন্তু এই প্রতিষ্ঠানটি স্বরাষ্ট্র মন্ত্রণালয়ের অধীন।<br>তাদের লোকবল নিয়োগ, পদায়ন, বদলি থেকে শুরু করে সব কিছু নিয়ন্ত্রণ করে স্বরাষ্ট্র মন্ত্রণালয়। অথচ সংস্থাটির ৯০ শতাংশ কাজের নির্দেশনা দেয় দুর্যোগ ব্যবস্থাপনা ও ত্রাণ মন্ত্রণালয়।\r\n<div>একইভাবে দেশের সবচেয়ে গুরুত্বপূর্ণ ভূমিসংক্রান্ত সেবা দেয় সাবরেজিস্ট্রার অফিস। জমিজমা নিবন্ধন, নামজারিসংক্রান্ত জটিল সমস্যার সমাধান মেলে এ অফিসে।</div>', 'image_url_69a273ac4ddf3.jpg', '', '', '', NULL, NULL, '', NULL, '', '', '', '', NULL, '', NULL, '', '', 1, '', '2026-02-28 10:48:44', 0, 0.00, 0, NULL);

-- --------------------------------------------------------

--
-- Table structure for table `news_video`
--

CREATE TABLE `news_video` (
  `id` int(11) NOT NULL,
  `title` varchar(255) NOT NULL,
  `subtitle` text DEFAULT NULL,
  `thumbnail` varchar(255) NOT NULL,
  `youtube_link` varchar(255) NOT NULL,
  `display_order` int(11) NOT NULL DEFAULT 0,
  `is_active` tinyint(1) DEFAULT 1,
  `created_at` timestamp NOT NULL DEFAULT current_timestamp(),
  `updated_at` timestamp NOT NULL DEFAULT current_timestamp() ON UPDATE current_timestamp()
) ENGINE=InnoDB DEFAULT CHARSET=utf8mb4 COLLATE=utf8mb4_general_ci;

--
-- Dumping data for table `news_video`
--

INSERT INTO `news_video` (`id`, `title`, `subtitle`, `thumbnail`, `youtube_link`, `display_order`, `is_active`, `created_at`, `updated_at`) VALUES
(1, 'রাষ্ট্রপতি ও অন্তর্বর্তী সরকার | Kaler Sanglap | Abdun Noor Tushar | Shamim Haider | Mohsen Rashid', '', 'video_1772189313_69a176810c9eb.png', 'https://youtu.be/71exEZB8byg?si=z22ynthL8tdQUQeq', 0, 1, '2026-02-27 10:47:07', '2026-02-27 10:48:33'),
(2, 'সাবেক উপদেষ্টাদের আর্থিক তদন্ত চান রাশেদ খান! | Political News', '', 'video_1772189441_69a1770163971.png', 'https://youtu.be/r-A_Q3IsPDQ?si=r5mK4GeAVSTVJbR2', 0, 1, '2026-02-27 10:50:41', '2026-02-27 10:50:41'),
(3, 'সারাদেশ জুড়ে আবারো ভূমিকম্প অনুভূত | Earthquake in Bangladesh', '', 'video_1772189577_69a1778968096.png', 'https://youtu.be/HZEyO1H5row?si=jhlxWp9lYxFKpu87', 0, 1, '2026-02-27 10:52:57', '2026-02-27 10:52:57'),
(4, 'রাষ্ট্রপতিকে অন্ধকারে রেখেছিল ড. ইউনূস | President Mohammed Shahabuddin', '', 'video_1772189694_69a177fe36bf9.png', 'https://youtu.be/zkNUzofv7ms?si=GGOr1jnKcIpoQB5S', 0, 1, '2026-02-27 10:54:54', '2026-02-27 10:54:54');

-- --------------------------------------------------------

--
-- Table structure for table `opinions`
--

CREATE TABLE `opinions` (
  `id` int(11) NOT NULL,
  `image` varchar(255) NOT NULL,
  `link` varchar(500) DEFAULT NULL,
  `display_order` int(11) NOT NULL DEFAULT 0,
  `status` tinyint(1) NOT NULL DEFAULT 1,
  `created_at` timestamp NOT NULL DEFAULT current_timestamp(),
  `updated_at` timestamp NOT NULL DEFAULT current_timestamp() ON UPDATE current_timestamp()
) ENGINE=InnoDB DEFAULT CHARSET=utf8mb4 COLLATE=utf8mb4_unicode_ci;

--
-- Dumping data for table `opinions`
--

INSERT INTO `opinions` (`id`, `image`, `link`, `display_order`, `status`, `created_at`, `updated_at`) VALUES
(1, 'opinions/opinion_1772187660_69a1700c95385.jpg', '', 0, 1, '2026-02-27 10:21:00', '2026-02-27 10:21:00'),
(2, 'opinions/opinion_1772187675_69a1701b5ff5e.jpg', '', 0, 1, '2026-02-27 10:21:15', '2026-02-27 10:21:15'),
(3, 'opinions/opinion_1772187694_69a1702e7fa19.jpg', '', 0, 1, '2026-02-27 10:21:34', '2026-02-27 10:21:34'),
(4, 'opinions/opinion_1772187707_69a1703b9e666.jpg', '', 0, 1, '2026-02-27 10:21:47', '2026-02-27 10:21:47'),
(5, 'opinions/opinion_1772187720_69a170485481f.jpg', '', 0, 1, '2026-02-27 10:22:00', '2026-02-27 10:22:00'),
(6, 'opinions/opinion_1772187731_69a17053f2cb7.jpg', '', 0, 1, '2026-02-27 10:22:11', '2026-02-27 10:22:11'),
(7, 'opinions/opinion_1772187743_69a1705fe6db8.jpg', '', 0, 1, '2026-02-27 10:22:23', '2026-02-27 10:22:23');

-- --------------------------------------------------------

--
-- Table structure for table `podcasts`
--

CREATE TABLE `podcasts` (
  `id` int(11) NOT NULL,
  `title` varchar(255) NOT NULL,
  `subtitle` text DEFAULT NULL,
  `thumbnail` varchar(255) NOT NULL,
  `youtube_link` varchar(255) NOT NULL,
  `is_active` tinyint(1) DEFAULT 1,
  `created_at` timestamp NOT NULL DEFAULT current_timestamp(),
  `updated_at` timestamp NOT NULL DEFAULT current_timestamp() ON UPDATE current_timestamp()
) ENGINE=InnoDB DEFAULT CHARSET=utf8mb4 COLLATE=utf8mb4_general_ci;

--
-- Dumping data for table `podcasts`
--

INSERT INTO `podcasts` (`id`, `title`, `subtitle`, `thumbnail`, `youtube_link`, `is_active`, `created_at`, `updated_at`) VALUES
(1, 'রাষ্ট্রপতি ও অন্তর্বর্তী সরকার | Kaler Sanglap | Abdun Noor Tushar | Shamim Haider | Mohsen Rashid', '', 'video_1772189313_69a176810c9eb.png', 'https://youtu.be/71exEZB8byg?si=z22ynthL8tdQUQeq', 1, '2026-02-27 04:47:07', '2026-02-27 04:48:33'),
(2, 'সাবেক উপদেষ্টাদের আর্থিক তদন্ত চান রাশেদ খান! | Political News', '', 'video_1772189441_69a1770163971.png', 'https://youtu.be/r-A_Q3IsPDQ?si=r5mK4GeAVSTVJbR2', 1, '2026-02-27 04:50:41', '2026-02-27 04:50:41'),
(3, 'সারাদেশ জুড়ে আবারো ভূমিকম্প অনুভূত | Earthquake in Bangladesh', '', 'video_1772189577_69a1778968096.png', 'https://youtu.be/HZEyO1H5row?si=jhlxWp9lYxFKpu87', 1, '2026-02-27 04:52:57', '2026-02-27 04:52:57'),
(4, 'রাষ্ট্রপতিকে অন্ধকারে রেখেছিল ড. ইউনূস | President Mohammed Shahabuddin', '', 'video_1772189694_69a177fe36bf9.png', 'https://youtu.be/zkNUzofv7ms?si=GGOr1jnKcIpoQB5S', 1, '2026-02-27 04:54:54', '2026-02-27 04:54:54');

-- --------------------------------------------------------

--
-- Table structure for table `quizzes`
--

CREATE TABLE `quizzes` (
  `id` int(11) NOT NULL,
  `question` text NOT NULL,
  `option_a` varchar(255) NOT NULL,
  `option_b` varchar(255) NOT NULL,
  `option_c` varchar(255) NOT NULL,
  `option_d` varchar(255) NOT NULL,
  `correct_option` enum('a','b','c','d') NOT NULL,
  `is_active` tinyint(1) DEFAULT 1,
  `created_at` timestamp NULL DEFAULT current_timestamp()
) ENGINE=InnoDB DEFAULT CHARSET=utf8mb4 COLLATE=utf8mb4_general_ci;

-- --------------------------------------------------------

--
-- Table structure for table `quiz_votes`
--

CREATE TABLE `quiz_votes` (
  `id` int(11) NOT NULL,
  `quiz_id` int(11) NOT NULL,
  `selected_option` enum('a','b','c','d') NOT NULL,
  `device_id` varchar(255) NOT NULL,
  `ip_address` varchar(45) DEFAULT NULL,
  `created_at` timestamp NULL DEFAULT current_timestamp()
) ENGINE=InnoDB DEFAULT CHARSET=utf8mb4 COLLATE=utf8mb4_general_ci;

-- --------------------------------------------------------

--
-- Table structure for table `reporter`
--

CREATE TABLE `reporter` (
  `id` int(11) NOT NULL,
  `name` varchar(100) NOT NULL,
  `email` varchar(100) DEFAULT NULL,
  `phone_number` varchar(20) DEFAULT NULL,
  `password` varchar(80) NOT NULL,
  `id_card` varchar(50) DEFAULT NULL,
  `id_card_photo` varchar(100) NOT NULL,
  `address` text DEFAULT NULL,
  `photo` varchar(255) DEFAULT NULL,
  `is_active` varchar(50) NOT NULL DEFAULT '0',
  `created_at` timestamp NOT NULL DEFAULT current_timestamp()
) ENGINE=InnoDB DEFAULT CHARSET=utf8mb4 COLLATE=utf8mb4_unicode_ci;

--
-- Dumping data for table `reporter`
--

INSERT INTO `reporter` (`id`, `name`, `email`, `phone_number`, `password`, `id_card`, `id_card_photo`, `address`, `photo`, `is_active`, `created_at`) VALUES
(66, 'প্রান্ত রায় (দিনাজপুর প্রতিনিধি)', 'prantoroy23006@gmail.com', '01842494422', '1234', '01842494422', 'uploads/reporters/69a16ade274d4_pranto.jpg', 'Birganj', 'uploads/reporters/69a16ade274bb_pranto.jpg', '1', '2026-02-27 09:58:54');

-- --------------------------------------------------------

--
-- Stand-in structure for view `reporter_earning_summary_vw`
-- (See below for the actual view)
--
CREATE TABLE `reporter_earning_summary_vw` (
`reporter_id` int(11)
,`reporter_name` varchar(100)
,`news_count` bigint(21)
,`video_count` bigint(21)
,`total_earning` double
,`web_earning` decimal(32,2)
,`youtube_earning` decimal(32,2)
,`grand_total` double
);

-- --------------------------------------------------------

--
-- Table structure for table `roles`
--

CREATE TABLE `roles` (
  `id` int(11) NOT NULL,
  `role_name` varchar(100) NOT NULL,
  `username` varchar(100) NOT NULL,
  `password` varchar(255) NOT NULL,
  `is_super_admin` tinyint(1) DEFAULT 0,
  `is_active` tinyint(1) DEFAULT 1,
  `created_at` timestamp NULL DEFAULT current_timestamp(),
  `updated_at` timestamp NULL DEFAULT current_timestamp() ON UPDATE current_timestamp()
) ENGINE=InnoDB DEFAULT CHARSET=utf8mb4 COLLATE=utf8mb4_general_ci;

--
-- Dumping data for table `roles`
--

INSERT INTO `roles` (`id`, `role_name`, `username`, `password`, `is_super_admin`, `is_active`, `created_at`, `updated_at`) VALUES
(1, 'Super Admin', 'AlokPatrika', '1234', 1, 1, '2026-02-05 19:49:16', '2026-02-26 17:19:07'),
(2, 'Editor', 'editor', '1234', 0, 1, '2026-02-05 19:49:16', '2026-02-26 16:58:24'),
(4, 'subeditor', 'mukta', '890890', 0, 1, '2026-02-14 17:07:52', '2026-02-14 17:07:52');

-- --------------------------------------------------------

--
-- Table structure for table `role_permissions`
--

CREATE TABLE `role_permissions` (
  `id` int(11) NOT NULL,
  `role_id` int(11) NOT NULL,
  `menu_id` int(11) NOT NULL,
  `can_view` tinyint(1) DEFAULT 0,
  `can_edit` tinyint(1) DEFAULT 0,
  `can_delete` tinyint(1) DEFAULT 0,
  `created_at` timestamp NULL DEFAULT current_timestamp(),
  `updated_at` timestamp NULL DEFAULT current_timestamp() ON UPDATE current_timestamp()
) ENGINE=InnoDB DEFAULT CHARSET=utf8mb4 COLLATE=utf8mb4_general_ci;

--
-- Dumping data for table `role_permissions`
--

INSERT INTO `role_permissions` (`id`, `role_id`, `menu_id`, `can_view`, `can_edit`, `can_delete`, `created_at`, `updated_at`) VALUES
(1, 1, 1, 1, 1, 1, '2026-02-05 19:49:16', '2026-02-05 19:49:16'),
(2, 1, 2, 1, 1, 1, '2026-02-05 19:49:16', '2026-02-05 19:49:16'),
(3, 1, 3, 1, 1, 1, '2026-02-05 19:49:16', '2026-02-05 19:49:16'),
(4, 1, 4, 1, 1, 1, '2026-02-05 19:49:16', '2026-02-05 19:49:16'),
(5, 1, 5, 1, 1, 1, '2026-02-05 19:49:16', '2026-02-05 19:49:16'),
(6, 1, 6, 1, 1, 1, '2026-02-05 19:49:16', '2026-02-05 19:49:16'),
(7, 1, 7, 1, 1, 1, '2026-02-05 19:49:16', '2026-02-05 19:49:16'),
(8, 1, 8, 1, 1, 1, '2026-02-05 19:49:16', '2026-02-05 19:49:16'),
(9, 1, 9, 1, 1, 1, '2026-02-05 19:49:16', '2026-02-05 19:49:16'),
(10, 1, 10, 1, 1, 1, '2026-02-05 19:49:16', '2026-02-05 19:49:16'),
(11, 1, 11, 1, 1, 1, '2026-02-05 19:49:16', '2026-02-05 19:49:16'),
(12, 1, 12, 1, 1, 1, '2026-02-05 19:49:16', '2026-02-05 19:49:16'),
(13, 1, 13, 1, 1, 1, '2026-02-05 19:49:16', '2026-02-05 19:49:16'),
(14, 1, 14, 1, 1, 1, '2026-02-05 19:49:16', '2026-02-05 19:49:16'),
(15, 1, 15, 1, 1, 1, '2026-02-05 19:49:16', '2026-02-05 19:49:16'),
(16, 1, 16, 1, 1, 1, '2026-02-05 19:49:16', '2026-02-05 19:49:16'),
(17, 1, 17, 1, 1, 1, '2026-02-05 19:49:16', '2026-02-05 19:49:16'),
(953, 4, 9, 1, 1, 1, '2026-02-14 17:09:00', '2026-02-14 17:09:00'),
(954, 4, 1, 1, 1, 1, '2026-02-14 17:09:00', '2026-02-14 17:09:00'),
(955, 4, 2, 1, 1, 1, '2026-02-14 17:09:00', '2026-02-14 17:09:00'),
(956, 4, 3, 0, 0, 0, '2026-02-14 17:09:00', '2026-02-14 17:09:00'),
(957, 4, 4, 0, 0, 0, '2026-02-14 17:09:00', '2026-02-14 17:09:00'),
(958, 4, 5, 0, 0, 0, '2026-02-14 17:09:00', '2026-02-14 17:09:00'),
(959, 4, 6, 0, 0, 0, '2026-02-14 17:09:00', '2026-02-14 17:09:00'),
(960, 4, 7, 1, 1, 1, '2026-02-14 17:09:00', '2026-02-14 17:09:00'),
(961, 4, 8, 0, 0, 0, '2026-02-14 17:09:00', '2026-02-14 17:09:00'),
(962, 4, 10, 0, 0, 0, '2026-02-14 17:09:00', '2026-02-14 17:09:00'),
(963, 4, 11, 0, 0, 0, '2026-02-14 17:09:00', '2026-02-14 17:09:00'),
(964, 4, 12, 0, 0, 0, '2026-02-14 17:09:00', '2026-02-14 17:09:00'),
(965, 4, 13, 0, 0, 0, '2026-02-14 17:09:00', '2026-02-14 17:09:00'),
(966, 4, 14, 0, 0, 0, '2026-02-14 17:09:00', '2026-02-14 17:09:00'),
(967, 4, 15, 0, 0, 0, '2026-02-14 17:09:00', '2026-02-14 17:09:00'),
(968, 4, 16, 0, 0, 0, '2026-02-14 17:09:00', '2026-02-14 17:09:00'),
(969, 4, 17, 0, 0, 0, '2026-02-14 17:09:00', '2026-02-14 17:09:00'),
(970, 2, 18, 1, 0, 0, '2026-02-26 18:08:20', '2026-02-26 18:08:20'),
(971, 2, 1, 1, 1, 1, '2026-02-26 18:08:20', '2026-02-26 18:08:20'),
(972, 2, 2, 1, 1, 1, '2026-02-26 18:08:20', '2026-02-26 18:08:20'),
(973, 2, 3, 0, 0, 0, '2026-02-26 18:08:20', '2026-02-26 18:08:20'),
(974, 2, 4, 0, 0, 0, '2026-02-26 18:08:20', '2026-02-26 18:08:20'),
(975, 2, 5, 1, 1, 1, '2026-02-26 18:08:20', '2026-02-26 18:08:20'),
(976, 2, 6, 1, 1, 1, '2026-02-26 18:08:20', '2026-02-26 18:08:20'),
(977, 2, 7, 0, 0, 0, '2026-02-26 18:08:20', '2026-02-26 18:08:20'),
(978, 2, 8, 0, 0, 0, '2026-02-26 18:08:20', '2026-02-26 18:08:20'),
(979, 2, 9, 1, 1, 1, '2026-02-26 18:08:20', '2026-02-26 18:08:20'),
(980, 2, 10, 0, 0, 0, '2026-02-26 18:08:20', '2026-02-26 18:08:20'),
(981, 2, 11, 0, 0, 0, '2026-02-26 18:08:20', '2026-02-26 18:08:20'),
(982, 2, 12, 0, 0, 0, '2026-02-26 18:08:20', '2026-02-26 18:08:20'),
(983, 2, 13, 0, 0, 0, '2026-02-26 18:08:20', '2026-02-26 18:08:20'),
(984, 2, 14, 0, 0, 0, '2026-02-26 18:08:20', '2026-02-26 18:08:20'),
(985, 2, 15, 0, 0, 0, '2026-02-26 18:08:20', '2026-02-26 18:08:20'),
(986, 2, 16, 0, 0, 0, '2026-02-26 18:08:20', '2026-02-26 18:08:20'),
(987, 2, 17, 0, 0, 0, '2026-02-26 18:08:20', '2026-02-26 18:08:20');

-- --------------------------------------------------------

--
-- Table structure for table `settings`
--

CREATE TABLE `settings` (
  `id` int(11) NOT NULL,
  `category_id` int(11) NOT NULL,
  `serial_order` int(11) NOT NULL DEFAULT 0,
  `is_active` tinyint(1) DEFAULT 1,
  `created_at` timestamp NULL DEFAULT current_timestamp(),
  `updated_at` timestamp NULL DEFAULT current_timestamp() ON UPDATE current_timestamp()
) ENGINE=InnoDB DEFAULT CHARSET=utf8mb4 COLLATE=utf8mb4_unicode_ci;

--
-- Dumping data for table `settings`
--

INSERT INTO `settings` (`id`, `category_id`, `serial_order`, `is_active`, `created_at`, `updated_at`) VALUES
(1, 5, 1, 1, '2026-01-27 19:29:04', '2026-01-27 19:40:46'),
(2, 6, 3, 1, '2026-01-27 19:29:04', '2026-01-27 19:40:46'),
(3, 7, 7, 1, '2026-01-27 19:29:04', '2026-01-31 19:30:32'),
(4, 8, 9, 1, '2026-01-27 19:29:04', '2026-01-31 19:30:32'),
(5, 9, 15, 1, '2026-01-27 19:29:04', '2026-01-27 19:42:20'),
(6, 10, 11, 1, '2026-01-27 19:29:04', '2026-01-31 19:32:25'),
(8, 12, 5, 1, '2026-01-27 19:29:04', '2026-01-31 19:28:43'),
(11, 15, 2, 1, '2026-01-27 19:29:04', '2026-01-27 19:40:46'),
(13, 17, 17, 1, '2026-01-27 19:29:04', '2026-02-27 10:31:32'),
(14, 19, 6, 1, '2026-01-27 19:29:04', '2026-01-31 19:30:32'),
(16, 21, 16, 1, '2026-01-27 19:29:04', '2026-01-31 19:28:43');

-- --------------------------------------------------------

--
-- Table structure for table `users`
--

CREATE TABLE `users` (
  `id` int(11) NOT NULL,
  `username` varchar(100) NOT NULL,
  `password` varchar(255) NOT NULL
) ENGINE=InnoDB DEFAULT CHARSET=utf8mb4 COLLATE=utf8mb4_unicode_ci;

-- --------------------------------------------------------

--
-- Table structure for table `video_earning`
--

CREATE TABLE `video_earning` (
  `id` int(11) NOT NULL,
  `reporter_id` int(11) NOT NULL,
  `video_headline` varchar(500) NOT NULL,
  `earning` decimal(10,2) NOT NULL DEFAULT 0.00,
  `created_at` timestamp NOT NULL DEFAULT current_timestamp(),
  `updated_at` timestamp NOT NULL DEFAULT current_timestamp() ON UPDATE current_timestamp(),
  `youtube_earning` decimal(10,2) DEFAULT 0.00 COMMENT 'YouTube platform earning in USD',
  `is_paid` tinyint(1) DEFAULT 0,
  `paid_at` datetime DEFAULT NULL
) ENGINE=InnoDB DEFAULT CHARSET=utf8mb4 COLLATE=utf8mb4_unicode_ci;

-- --------------------------------------------------------

--
-- Structure for view `reporter_earning_summary_vw`
--
DROP TABLE IF EXISTS `reporter_earning_summary_vw`;

CREATE ALGORITHM=UNDEFINED DEFINER=`root`@`localhost` SQL SECURITY DEFINER VIEW `reporter_earning_summary_vw`  AS SELECT `r`.`id` AS `reporter_id`, `r`.`name` AS `reporter_name`, count(case when `combined`.`source` = 'news' then 1 end) AS `news_count`, count(case when `combined`.`source` = 'video' then 1 end) AS `video_count`, coalesce(sum(`combined`.`earning`),0) AS `total_earning`, coalesce(sum(`combined`.`web_earning`),0) AS `web_earning`, coalesce(sum(`combined`.`youtube_earning`),0) AS `youtube_earning`, coalesce(sum(`combined`.`earning`),0) + coalesce(sum(`combined`.`web_earning`),0) + coalesce(sum(`combined`.`youtube_earning`),0) AS `grand_total` FROM ((select `n`.`reporter_id` AS `reporter_id`,coalesce(`n`.`earning`,0) AS `earning`,coalesce(`n`.`web_earning`,0) AS `web_earning`,0 AS `youtube_earning`,'news' AS `source` from `news` `n` where `n`.`reporter_id` is not null and `n`.`reporter_id` <> 0 union all select `ve`.`reporter_id` AS `reporter_id`,coalesce(`ve`.`earning`,0) AS `earning`,0 AS `web_earning`,coalesce(`ve`.`youtube_earning`,0) AS `youtube_earning`,'video' AS `source` from `video_earning` `ve` where `ve`.`reporter_id` is not null and `ve`.`reporter_id` <> 0) `combined` left join `reporter` `r` on(`combined`.`reporter_id` = `r`.`id`)) GROUP BY `r`.`id`, `r`.`name` ;

--
-- Indexes for dumped tables
--

--
-- Indexes for table `basic_info`
--
ALTER TABLE `basic_info`
  ADD PRIMARY KEY (`id`);

--
-- Indexes for table `category`
--
ALTER TABLE `category`
  ADD PRIMARY KEY (`id`);

--
-- Indexes for table `menus`
--
ALTER TABLE `menus`
  ADD PRIMARY KEY (`id`);

--
-- Indexes for table `news`
--
ALTER TABLE `news`
  ADD PRIMARY KEY (`id`),
  ADD KEY `category_id` (`category_id`);

--
-- Indexes for table `news_video`
--
ALTER TABLE `news_video`
  ADD PRIMARY KEY (`id`),
  ADD KEY `is_active` (`is_active`),
  ADD KEY `created_at` (`created_at`),
  ADD KEY `display_order` (`display_order`);

--
-- Indexes for table `opinions`
--
ALTER TABLE `opinions`
  ADD PRIMARY KEY (`id`),
  ADD KEY `status` (`status`),
  ADD KEY `display_order` (`display_order`);

--
-- Indexes for table `podcasts`
--
ALTER TABLE `podcasts`
  ADD PRIMARY KEY (`id`),
  ADD KEY `is_active` (`is_active`),
  ADD KEY `created_at` (`created_at`);

--
-- Indexes for table `quizzes`
--
ALTER TABLE `quizzes`
  ADD PRIMARY KEY (`id`);

--
-- Indexes for table `quiz_votes`
--
ALTER TABLE `quiz_votes`
  ADD PRIMARY KEY (`id`),
  ADD UNIQUE KEY `unique_vote` (`quiz_id`,`device_id`);

--
-- Indexes for table `reporter`
--
ALTER TABLE `reporter`
  ADD PRIMARY KEY (`id`);

--
-- Indexes for table `roles`
--
ALTER TABLE `roles`
  ADD PRIMARY KEY (`id`),
  ADD UNIQUE KEY `username` (`username`);

--
-- Indexes for table `role_permissions`
--
ALTER TABLE `role_permissions`
  ADD PRIMARY KEY (`id`),
  ADD UNIQUE KEY `unique_role_menu` (`role_id`,`menu_id`),
  ADD KEY `menu_id` (`menu_id`);

--
-- Indexes for table `settings`
--
ALTER TABLE `settings`
  ADD PRIMARY KEY (`id`),
  ADD UNIQUE KEY `unique_category` (`category_id`);

--
-- Indexes for table `users`
--
ALTER TABLE `users`
  ADD PRIMARY KEY (`id`),
  ADD UNIQUE KEY `username` (`username`);

--
-- Indexes for table `video_earning`
--
ALTER TABLE `video_earning`
  ADD PRIMARY KEY (`id`),
  ADD KEY `reporter_id` (`reporter_id`),
  ADD KEY `created_at` (`created_at`),
  ADD KEY `idx_video_earning_reporter_date` (`reporter_id`,`created_at`),
  ADD KEY `idx_video_earning_date` (`created_at`);

--
-- AUTO_INCREMENT for dumped tables
--

--
-- AUTO_INCREMENT for table `basic_info`
--
ALTER TABLE `basic_info`
  MODIFY `id` int(11) NOT NULL AUTO_INCREMENT, AUTO_INCREMENT=3;

--
-- AUTO_INCREMENT for table `category`
--
ALTER TABLE `category`
  MODIFY `id` int(11) NOT NULL AUTO_INCREMENT, AUTO_INCREMENT=22;

--
-- AUTO_INCREMENT for table `menus`
--
ALTER TABLE `menus`
  MODIFY `id` int(11) NOT NULL AUTO_INCREMENT, AUTO_INCREMENT=20;

--
-- AUTO_INCREMENT for table `news`
--
ALTER TABLE `news`
  MODIFY `id` int(11) NOT NULL AUTO_INCREMENT, AUTO_INCREMENT=32;

--
-- AUTO_INCREMENT for table `news_video`
--
ALTER TABLE `news_video`
  MODIFY `id` int(11) NOT NULL AUTO_INCREMENT, AUTO_INCREMENT=5;

--
-- AUTO_INCREMENT for table `opinions`
--
ALTER TABLE `opinions`
  MODIFY `id` int(11) NOT NULL AUTO_INCREMENT, AUTO_INCREMENT=8;

--
-- AUTO_INCREMENT for table `podcasts`
--
ALTER TABLE `podcasts`
  MODIFY `id` int(11) NOT NULL AUTO_INCREMENT, AUTO_INCREMENT=5;

--
-- AUTO_INCREMENT for table `quizzes`
--
ALTER TABLE `quizzes`
  MODIFY `id` int(11) NOT NULL AUTO_INCREMENT;

--
-- AUTO_INCREMENT for table `quiz_votes`
--
ALTER TABLE `quiz_votes`
  MODIFY `id` int(11) NOT NULL AUTO_INCREMENT;

--
-- AUTO_INCREMENT for table `reporter`
--
ALTER TABLE `reporter`
  MODIFY `id` int(11) NOT NULL AUTO_INCREMENT, AUTO_INCREMENT=67;

--
-- AUTO_INCREMENT for table `roles`
--
ALTER TABLE `roles`
  MODIFY `id` int(11) NOT NULL AUTO_INCREMENT, AUTO_INCREMENT=5;

--
-- AUTO_INCREMENT for table `role_permissions`
--
ALTER TABLE `role_permissions`
  MODIFY `id` int(11) NOT NULL AUTO_INCREMENT, AUTO_INCREMENT=988;

--
-- AUTO_INCREMENT for table `settings`
--
ALTER TABLE `settings`
  MODIFY `id` int(11) NOT NULL AUTO_INCREMENT, AUTO_INCREMENT=17;

--
-- AUTO_INCREMENT for table `users`
--
ALTER TABLE `users`
  MODIFY `id` int(11) NOT NULL AUTO_INCREMENT;

--
-- AUTO_INCREMENT for table `video_earning`
--
ALTER TABLE `video_earning`
  MODIFY `id` int(11) NOT NULL AUTO_INCREMENT;

--
-- Constraints for dumped tables
--

--
-- Constraints for table `role_permissions`
--
ALTER TABLE `role_permissions`
  ADD CONSTRAINT `role_permissions_ibfk_1` FOREIGN KEY (`role_id`) REFERENCES `roles` (`id`) ON DELETE CASCADE,
  ADD CONSTRAINT `role_permissions_ibfk_2` FOREIGN KEY (`menu_id`) REFERENCES `menus` (`id`) ON DELETE CASCADE;

--
-- Constraints for table `settings`
--
ALTER TABLE `settings`
  ADD CONSTRAINT `settings_ibfk_1` FOREIGN KEY (`category_id`) REFERENCES `category` (`id`) ON DELETE CASCADE;

--
-- Constraints for table `video_earning`
--
ALTER TABLE `video_earning`
  ADD CONSTRAINT `fk_video_earning_reporter` FOREIGN KEY (`reporter_id`) REFERENCES `reporter` (`id`) ON DELETE CASCADE;
COMMIT;

/*!40101 SET CHARACTER_SET_CLIENT=@OLD_CHARACTER_SET_CLIENT */;
/*!40101 SET CHARACTER_SET_RESULTS=@OLD_CHARACTER_SET_RESULTS */;
/*!40101 SET COLLATION_CONNECTION=@OLD_COLLATION_CONNECTION */;
